Tempo;Ocupação;E[N];E[W];Erro Little;Lambda;E[N] Chamada;E[W] Chamada;Erro Little Chamada
0;153.153634;0.000000;0.000000;0.00000000000000000000;79871.940786;0.000000;-1.#IND00;-1.#IND0000000000000000
